Game Name,Date,Player Count,game_id,
Cyberpunk 2077, 2023-11-01,81448,1091500,
Cyberpunk 2077, 2023-10-01,209488,1091500,
Cyberpunk 2077, 2023-09-01,274526,1091500,
Cyberpunk 2077, 2023-08-01,32178,1091500,
Cyberpunk 2077, 2023-07-01,31956,1091500,
Cyberpunk 2077, 2023-06-01,30953,1091500,
Cyberpunk 2077, 2023-05-01,21803,1091500,
Cyberpunk 2077, 2023-04-01,31446,1091500,
Cyberpunk 2077, 2023-03-01,26373,1091500,
Cyberpunk 2077, 2023-02-01,29224,1091500,
Cyberpunk 2077, 2023-01-01,43786,1091500,
Cyberpunk 2077, 2022-12-01,45634,1091500,
Cyberpunk 2077, 2022-11-01,57298,1091500,
Cyberpunk 2077, 2022-10-01,118298,1091500,
Cyberpunk 2077, 2022-09-01,136724,1091500,
Cyberpunk 2077, 2022-08-01,18835,1091500,
Cyberpunk 2077, 2022-07-01,19577,1091500,
Cyberpunk 2077, 2022-06-01,18621,1091500,
Cyberpunk 2077, 2022-05-01,19977,1091500,
Cyberpunk 2077, 2022-04-01,24102,1091500,
Cyberpunk 2077, 2022-03-01,35109,1091500,
Cyberpunk 2077, 2022-02-01,59061,1091500,
Cyberpunk 2077, 2022-01-01,27631,1091500,
Cyberpunk 2077, 2021-12-01,30304,1091500,
Cyberpunk 2077, 2021-11-01,29004,1091500,
Cyberpunk 2077, 2021-10-01,16250,1091500,
Cyberpunk 2077, 2021-09-01,19772,1091500,
Cyberpunk 2077, 2021-08-01,21543,1091500,
Cyberpunk 2077, 2021-07-01,17146,1091500,
Cyberpunk 2077, 2021-06-01,15703,1091500,
Cyberpunk 2077, 2021-05-01,17908,1091500,
Cyberpunk 2077, 2021-04-01,25430,1091500,
Cyberpunk 2077, 2021-03-01,22965,1091500,
Cyberpunk 2077, 2021-02-01,47272,1091500,
Cyberpunk 2077, 2021-01-01,225555,1091500,
Cyberpunk 2077, 2020-12-01,1054388,1091500,
Baldur's Gate 3, 2023-11-01,203029,1086940,
Baldur's Gate 3, 2023-10-01,294146,1086940,
Baldur's Gate 3, 2023-09-01,584885,1086940,
Baldur's Gate 3, 2023-08-01,875343,1086940,
Baldur's Gate 3, 2023-07-01,32448,1086940,
Baldur's Gate 3, 2023-06-01,5968,1086940,
Baldur's Gate 3, 2023-05-01,3625,1086940,
Baldur's Gate 3, 2023-04-01,4756,1086940,
Baldur's Gate 3, 2023-03-01,5118,1086940,
Baldur's Gate 3, 2023-02-01,4682,1086940,
Baldur's Gate 3, 2023-01-01,6970,1086940,
Baldur's Gate 3, 2022-12-01,10984,1086940,
Baldur's Gate 3, 2022-11-01,2171,1086940,
Baldur's Gate 3, 2022-10-01,2495,1086940,
Baldur's Gate 3, 2022-09-01,2668,1086940,
Baldur's Gate 3, 2022-08-01,3881,1086940,
Baldur's Gate 3, 2022-07-01,7661,1086940,
Baldur's Gate 3, 2022-06-01,2037,1086940,
Baldur's Gate 3, 2022-05-01,1910,1086940,
Baldur's Gate 3, 2022-04-01,2287,1086940,
Baldur's Gate 3, 2022-03-01,2916,1086940,
Baldur's Gate 3, 2022-02-01,5845,1086940,
Baldur's Gate 3, 2022-01-01,3085,1086940,
Baldur's Gate 3, 2021-12-01,3125,1086940,
Baldur's Gate 3, 2021-11-01,4675,1086940,
Baldur's Gate 3, 2021-10-01,11954,1086940,
Baldur's Gate 3, 2021-09-01,3222,1086940,
Baldur's Gate 3, 2021-08-01,3894,1086940,
Baldur's Gate 3, 2021-07-01,7008,1086940,
Baldur's Gate 3, 2021-06-01,2424,1086940,
Baldur's Gate 3, 2021-05-01,2981,1086940,
Baldur's Gate 3, 2021-04-01,3790,1086940,
Baldur's Gate 3, 2021-03-01,7761,1086940,
Baldur's Gate 3, 2021-02-01,10897,1086940,
Baldur's Gate 3, 2021-01-01,4143,1086940,
Baldur's Gate 3, 2020-12-01,6867,1086940,
Baldur's Gate 3, 2020-11-01,12004,1086940,
Baldur's Gate 3, 2020-10-01,73980,1086940,
Team Fortress 2, 2023-11-01,100962,440,
Team Fortress 2, 2023-10-01,200363,440,
Team Fortress 2, 2023-09-01,110579,440,
Team Fortress 2, 2023-08-01,113282,440,
Team Fortress 2, 2023-07-01,253997,440,
Team Fortress 2, 2023-06-01,123380,440,
Team Fortress 2, 2023-05-01,101004,440,
Team Fortress 2, 2023-04-01,106461,440,
Team Fortress 2, 2023-03-01,117072,440,
Team Fortress 2, 2023-02-01,120860,440,
Team Fortress 2, 2023-01-01,135253,440,
Team Fortress 2, 2022-12-01,167951,440,
Team Fortress 2, 2022-11-01,117170,440,
Team Fortress 2, 2022-10-01,128433,440,
Team Fortress 2, 2022-09-01,134069,440,
Team Fortress 2, 2022-08-01,121777,440,
Team Fortress 2, 2022-07-01,139018,440,
Team Fortress 2, 2022-06-01,139355,440,
Team Fortress 2, 2022-05-01,91778,440,
Team Fortress 2, 2022-04-01,94913,440,
Team Fortress 2, 2022-03-01,92765,440,
Team Fortress 2, 2022-02-01,93398,440,
Team Fortress 2, 2022-01-01,127787,440,
Team Fortress 2, 2021-12-01,130849,440,
Team Fortress 2, 2021-11-01,122109,440,
Team Fortress 2, 2021-10-01,107929,440,
Team Fortress 2, 2021-09-01,100830,440,
Team Fortress 2, 2021-08-01,92436,440,
Team Fortress 2, 2021-07-01,135075,440,
Team Fortress 2, 2021-06-01,151253,440,
Team Fortress 2, 2021-05-01,123334,440,
Team Fortress 2, 2021-04-01,119440,440,
Team Fortress 2, 2021-03-01,113352,440,
Team Fortress 2, 2021-02-01,133960,440,
Team Fortress 2, 2021-01-01,116023,440,
Team Fortress 2, 2020-12-01,147360,440,
Team Fortress 2, 2020-11-01,102087,440,
Team Fortress 2, 2020-10-01,122857,440,
Team Fortress 2, 2020-09-01,131300,440,
Team Fortress 2, 2020-08-01,98432,440,
Team Fortress 2, 2020-07-01,89884,440,
Team Fortress 2, 2020-06-01,80301,440,
Team Fortress 2, 2020-05-01,86225,440,
Team Fortress 2, 2020-04-01,88258,440,
Team Fortress 2, 2020-03-01,85507,440,
Team Fortress 2, 2020-02-01,78730,440,
Team Fortress 2, 2020-01-01,83218,440,
Team Fortress 2, 2019-12-01,103481,440,
Team Fortress 2, 2019-11-01,69869,440,
Team Fortress 2, 2019-10-01,73974,440,
Team Fortress 2, 2019-09-01,64666,440,
Team Fortress 2, 2019-08-01,64954,440,
Team Fortress 2, 2019-07-01,93245,440,
Team Fortress 2, 2019-06-01,57244,440,
Team Fortress 2, 2019-05-01,54127,440,
Team Fortress 2, 2019-04-01,61397,440,
Team Fortress 2, 2019-03-01,63459,440,
Team Fortress 2, 2019-02-01,65290,440,
Team Fortress 2, 2019-01-01,66783,440,
Team Fortress 2, 2018-12-01,122938,440,
Team Fortress 2, 2018-11-01,93797,440,
Team Fortress 2, 2018-10-01,99934,440,
Team Fortress 2, 2018-09-01,58223,440,
Team Fortress 2, 2018-08-01,57980,440,
Team Fortress 2, 2018-07-01,59776,440,
Team Fortress 2, 2018-06-01,57897,440,
Team Fortress 2, 2018-05-01,55981,440,
Team Fortress 2, 2018-04-01,58369,440,
Team Fortress 2, 2018-03-01,57478,440,
Team Fortress 2, 2018-02-01,69542,440,
Team Fortress 2, 2018-01-01,72932,440,
Team Fortress 2, 2017-12-01,71345,440,
Team Fortress 2, 2017-11-01,84022,440,
Team Fortress 2, 2017-10-01,97248,440,
Team Fortress 2, 2017-09-01,73411,440,
Team Fortress 2, 2017-08-01,69263,440,
Team Fortress 2, 2017-07-01,66951,440,
Team Fortress 2, 2017-06-01,69895,440,
Team Fortress 2, 2017-05-01,73188,440,
Team Fortress 2, 2017-04-01,72587,440,
Team Fortress 2, 2017-03-01,74656,440,
Team Fortress 2, 2017-02-01,77381,440,
Team Fortress 2, 2017-01-01,77405,440,
Team Fortress 2, 2016-12-01,71438,440,
Team Fortress 2, 2016-11-01,77056,440,
Team Fortress 2, 2016-10-01,81150,440,
Team Fortress 2, 2016-09-01,74797,440,
Team Fortress 2, 2016-08-01,72111,440,
Team Fortress 2, 2016-07-01,73553,440,
Team Fortress 2, 2016-06-01,72453,440,
Team Fortress 2, 2016-05-01,77824,440,
Team Fortress 2, 2016-04-01,81206,440,
Team Fortress 2, 2016-03-01,83463,440,
Team Fortress 2, 2016-02-01,83544,440,
Team Fortress 2, 2016-01-01,80654,440,
Team Fortress 2, 2015-12-01,82824,440,
Team Fortress 2, 2015-11-01,90647,440,
Team Fortress 2, 2015-10-01,91981,440,
Team Fortress 2, 2015-09-01,90786,440,
Team Fortress 2, 2015-08-01,85760,440,
Team Fortress 2, 2015-07-01,83241,440,
Team Fortress 2, 2015-06-01,78971,440,
Team Fortress 2, 2015-05-01,84603,440,
Team Fortress 2, 2015-04-01,84537,440,
Team Fortress 2, 2015-03-01,85947,440,
Team Fortress 2, 2015-02-01,89571,440,
Team Fortress 2, 2015-01-01,94941,440,
Team Fortress 2, 2014-12-01,98054,440,
Team Fortress 2, 2014-11-01,97449,440,
Team Fortress 2, 2014-10-01,104799,440,
Team Fortress 2, 2014-09-01,101741,440,
Team Fortress 2, 2014-08-01,93749,440,
Team Fortress 2, 2014-07-01,83414,440,
Team Fortress 2, 2014-06-01,89077,440,
Team Fortress 2, 2014-05-01,90242,440,
Team Fortress 2, 2014-04-01,81755,440,
Team Fortress 2, 2014-03-01,83410,440,
Team Fortress 2, 2014-02-01,84020,440,
Team Fortress 2, 2014-01-01,84061,440,
Team Fortress 2, 2013-12-01,88315,440,
Team Fortress 2, 2013-11-01,86393,440,
Team Fortress 2, 2013-10-01,88530,440,
Team Fortress 2, 2013-09-01,80551,440,
Team Fortress 2, 2013-08-01,77493,440,
Team Fortress 2, 2013-07-01,74504,440,
Team Fortress 2, 2013-06-01,78100,440,
Team Fortress 2, 2013-05-01,77349,440,
Team Fortress 2, 2013-04-01,75126,440,
Team Fortress 2, 2013-03-01,73902,440,
Team Fortress 2, 2013-02-01,73221,440,
Team Fortress 2, 2013-01-01,74968,440,
Team Fortress 2, 2012-12-01,74300,440,
Team Fortress 2, 2012-11-01,80851,440,
Team Fortress 2, 2012-10-01,106861,440,
Team Fortress 2, 2012-09-01,106853,440,
Team Fortress 2, 2012-08-01,120436,440,
Team Fortress 2, 2012-07-01,117917,440,
Team Fortress 2, 2012-06-01,92867,440,
Team Fortress 2, 2012-05-01,62531,440,
Team Fortress 2, 2012-04-01,66640,440,
Team Fortress 2, 2012-03-01,62128,440,
Team Fortress 2, 2012-02-01,61011,440,
Team Fortress 2, 2012-01-01,59094,440,
Team Fortress 2, 2011-12-01,56231,440,
Team Fortress 2, 2011-11-01,59138,440,
Team Fortress 2, 2011-10-01,71082,440,
Team Fortress 2, 2011-09-01,69643,440,
Team Fortress 2, 2011-08-01,70959,440,
Team Fortress 2, 2011-07-01,80567,440,
Team Fortress 2, 2011-06-01,101789,440,
Team Fortress 2, 2011-05-01,22418,440,
Team Fortress 2, 2011-04-01,21418,440,
Team Fortress 2, 2011-03-01,22283,440,
Team Fortress 2, 2011-02-01,22792,440,
Team Fortress 2, 2011-01-01,27031,440,
Team Fortress 2, 2010-12-01,34334,440,
Team Fortress 2, 2010-11-01,28076,440,
Team Fortress 2, 2010-10-01,39604,440,
Team Fortress 2, 2010-09-01,39657,440,
Team Fortress 2, 2010-08-01,21583,440,
Team Fortress 2, 2010-07-01,44852,440,
Team Fortress 2, 2010-06-01,33039,440,
Team Fortress 2, 2010-05-01,21056,440,
Team Fortress 2, 2010-04-01,23609,440,
Team Fortress 2, 2010-03-01,23759,440,
Team Fortress 2, 2010-02-01,15372,440,
Team Fortress 2, 2010-01-01,18487,440,
Team Fortress 2, 2009-12-01,22376,440,
Team Fortress 2, 2009-11-01,10833,440,
Team Fortress 2, 2009-10-01,16858,440,
Team Fortress 2, 2009-09-01,24666,440,
Team Fortress 2, 2009-08-01,32075,440,
Team Fortress 2, 2009-07-01,18539,440,
Team Fortress 2, 2009-06-01,27482,440,
Team Fortress 2, 2009-05-01,44697,440,
Team Fortress 2, 2009-04-01,11550,440,
Team Fortress 2, 2009-03-01,16560,440,
Team Fortress 2, 2009-02-01,24366,440,
Team Fortress 2, 2009-01-01,12613,440,
Team Fortress 2, 2008-12-01,11333,440,
Team Fortress 2, 2008-11-01,6853,440,
Team Fortress 2, 2008-10-01,14222,440,
Team Fortress 2, 2008-09-01,19086,440,
Team Fortress 2, 2008-01-01,14600,440,
Team Fortress 2, 2007-12-01,11628,440,
Team Fortress 2, 2007-11-01,9428,440,
Team Fortress 2, 2007-10-01,18842,440,
Team Fortress 2, 2007-09-01,9553,440,
Witcher 3, 2023-11-01,27331,292030,
Witcher 3, 2023-10-01,27269,292030,
Witcher 3, 2023-09-01,22665,292030,
Witcher 3, 2023-08-01,31341,292030,
Witcher 3, 2023-07-01,29453,292030,
Witcher 3, 2023-06-01,25817,292030,
Witcher 3, 2023-05-01,21009,292030,
Witcher 3, 2023-04-01,25103,292030,
Witcher 3, 2023-03-01,27892,292030,
Witcher 3, 2023-02-01,46367,292030,
Witcher 3, 2023-01-01,79529,292030,
Witcher 3, 2022-12-01,89451,292030,
Witcher 3, 2022-11-01,34950,292030,
Witcher 3, 2022-10-01,27376,292030,
Witcher 3, 2022-09-01,28877,292030,
Witcher 3, 2022-08-01,26637,292030,
Witcher 3, 2022-07-01,24386,292030,
Witcher 3, 2022-06-01,23176,292030,
Witcher 3, 2022-05-01,28533,292030,
Witcher 3, 2022-04-01,31885,292030,
Witcher 3, 2022-03-01,40869,292030,
Witcher 3, 2022-02-01,46781,292030,
Witcher 3, 2022-01-01,78592,292030,
Witcher 3, 2021-12-01,71128,292030,
Witcher 3, 2021-11-01,31909,292030,
Witcher 3, 2021-10-01,32693,292030,
Witcher 3, 2021-09-01,44777,292030,
Witcher 3, 2021-08-01,44291,292030,
Witcher 3, 2021-07-01,38823,292030,
Witcher 3, 2021-06-01,34898,292030,
Witcher 3, 2021-05-01,41713,292030,
Witcher 3, 2021-04-01,44108,292030,
Witcher 3, 2021-03-01,37849,292030,
Witcher 3, 2021-02-01,38648,292030,
Witcher 3, 2021-01-01,43148,292030,
Witcher 3, 2020-12-01,41157,292030,
Witcher 3, 2020-11-01,37614,292030,
Witcher 3, 2020-10-01,31812,292030,
Witcher 3, 2020-09-01,38742,292030,
Witcher 3, 2020-08-01,36810,292030,
Witcher 3, 2020-07-01,34837,292030,
Witcher 3, 2020-06-01,35557,292030,
Witcher 3, 2020-05-01,41974,292030,
Witcher 3, 2020-04-01,61294,292030,
Witcher 3, 2020-03-01,50024,292030,
Witcher 3, 2020-02-01,62318,292030,
Witcher 3, 2020-01-01,103329,292030,
Witcher 3, 2019-12-01,102172,292030,
Witcher 3, 2019-11-01,30189,292030,
Witcher 3, 2019-10-01,22433,292030,
Witcher 3, 2019-09-01,30836,292030,
Witcher 3, 2019-08-01,25866,292030,
Witcher 3, 2019-07-01,36081,292030,
Witcher 3, 2019-06-01,33454,292030,
Witcher 3, 2019-05-01,21657,292030,
Witcher 3, 2019-04-01,33860,292030,
Witcher 3, 2019-03-01,23710,292030,
Witcher 3, 2019-02-01,33789,292030,
Witcher 3, 2019-01-01,25736,292030,
Witcher 3, 2018-12-01,24140,292030,
Witcher 3, 2018-11-01,27284,292030,
Witcher 3, 2018-10-01,20369,292030,
Witcher 3, 2018-09-01,25998,292030,
Witcher 3, 2018-08-01,19442,292030,
Witcher 3, 2018-07-01,28389,292030,
Witcher 3, 2018-06-01,30405,292030,
Witcher 3, 2018-05-01,19303,292030,
Witcher 3, 2018-04-01,26358,292030,
Witcher 3, 2018-03-01,24301,292030,
Witcher 3, 2018-02-01,32041,292030,
Witcher 3, 2018-01-01,29915,292030,
Witcher 3, 2017-12-01,27578,292030,
Witcher 3, 2017-11-01,28604,292030,
Witcher 3, 2017-10-01,33634,292030,
Witcher 3, 2017-09-01,23182,292030,
Witcher 3, 2017-08-01,18461,292030,
Witcher 3, 2017-07-01,29357,292030,
Witcher 3, 2017-06-01,34428,292030,
Witcher 3, 2017-05-01,18517,292030,
Witcher 3, 2017-04-01,22743,292030,
Witcher 3, 2017-03-01,20668,292030,
Witcher 3, 2017-02-01,26125,292030,
Witcher 3, 2017-01-01,32059,292030,
Witcher 3, 2016-12-01,29944,292030,
Witcher 3, 2016-11-01,21342,292030,
Witcher 3, 2016-10-01,17904,292030,
Witcher 3, 2016-09-01,18720,292030,
Witcher 3, 2016-08-01,18906,292030,
Witcher 3, 2016-07-01,31198,292030,
Witcher 3, 2016-06-01,53645,292030,
Witcher 3, 2016-05-01,49512,292030,
Witcher 3, 2016-04-01,10348,292030,
Witcher 3, 2016-03-01,11609,292030,
Witcher 3, 2016-02-01,14808,292030,
Witcher 3, 2016-01-01,23474,292030,
Witcher 3, 2015-12-01,21373,292030,
Witcher 3, 2015-11-01,13820,292030,
Witcher 3, 2015-10-01,20711,292030,
Witcher 3, 2015-09-01,13692,292030,
Witcher 3, 2015-08-01,13881,292030,
Witcher 3, 2015-07-01,22147,292030,
Witcher 3, 2015-06-01,55353,292030,
Witcher 3, 2015-05-01,92266,292030,
Witcher 3, 2015-04-01,92268,292030,
Dota 2, 2023-11-01,773854,570,
Dota 2, 2023-10-01,784158,570,
Dota 2, 2023-09-01,784560,570,
Dota 2, 2023-08-01,863795,570,
Dota 2, 2023-07-01,706044,570,
Dota 2, 2023-06-01,683487,570,
Dota 2, 2023-05-01,715786,570,
Dota 2, 2023-04-01,810881,570,
Dota 2, 2023-03-01,757854,570,
Dota 2, 2023-02-01,685805,570,
Dota 2, 2023-01-01,766096,570,
Dota 2, 2022-12-01,834168,570,
Dota 2, 2022-11-01,990991,570,
Dota 2, 2022-10-01,1042939,570,
Dota 2, 2022-09-01,872372,570,
Dota 2, 2022-08-01,751789,570,
Dota 2, 2022-07-01,686899,570,
Dota 2, 2022-06-01,702003,570,
Dota 2, 2022-05-01,695554,570,
Dota 2, 2022-04-01,734735,570,
Dota 2, 2022-03-01,743726,570,
Dota 2, 2022-02-01,728213,570,
Dota 2, 2022-01-01,787609,570,
Dota 2, 2021-12-01,759878,570,
Dota 2, 2021-11-01,752800,570,
Dota 2, 2021-10-01,753627,570,
Dota 2, 2021-09-01,667488,570,
Dota 2, 2021-08-01,700245,570,
Dota 2, 2021-07-01,710866,570,
Dota 2, 2021-06-01,734277,570,
Dota 2, 2021-05-01,673660,570,
Dota 2, 2021-04-01,706812,570,
Dota 2, 2021-03-01,650049,570,
Dota 2, 2021-02-01,657208,570,
Dota 2, 2021-01-01,695426,570,
Dota 2, 2020-12-01,699068,570,
Dota 2, 2020-11-01,679969,570,
Dota 2, 2020-10-01,723768,570,
Dota 2, 2020-09-01,676484,570,
Dota 2, 2020-08-01,666563,570,
Dota 2, 2020-07-01,716054,570,
Dota 2, 2020-06-01,736441,570,
Dota 2, 2020-05-01,794638,570,
Dota 2, 2020-04-01,801645,570,
Dota 2, 2020-03-01,747551,570,
Dota 2, 2020-02-01,667430,570,
Dota 2, 2020-01-01,638674,570,
Dota 2, 2019-12-01,629748,570,
Dota 2, 2019-11-01,710308,570,
Dota 2, 2019-10-01,750516,570,
Dota 2, 2019-09-01,758001,570,
Dota 2, 2019-08-01,840012,570,
Dota 2, 2019-07-01,779160,570,
Dota 2, 2019-06-01,892370,570,
Dota 2, 2019-05-01,998345,570,
Dota 2, 2019-04-01,973544,570,
Dota 2, 2019-03-01,1045353,570,
Dota 2, 2019-02-01,983435,570,
Dota 2, 2019-01-01,881256,570,
Dota 2, 2018-12-01,745843,570,
Dota 2, 2018-11-01,829011,570,
Dota 2, 2018-10-01,742992,570,
Dota 2, 2018-09-01,827979,570,
Dota 2, 2018-08-01,830388,570,
Dota 2, 2018-07-01,706228,570,
Dota 2, 2018-06-01,797767,570,
Dota 2, 2018-05-01,850371,570,
Dota 2, 2018-04-01,733580,570,
Dota 2, 2018-03-01,780113,570,
Dota 2, 2018-02-01,782579,570,
Dota 2, 2018-01-01,780059,570,
Dota 2, 2017-12-01,864939,570,
Dota 2, 2017-11-01,864584,570,
Dota 2, 2017-10-01,837599,570,
Dota 2, 2017-09-01,838489,570,
Dota 2, 2017-08-01,877952,570,
Dota 2, 2017-07-01,820135,570,
Dota 2, 2017-06-01,928430,570,
Dota 2, 2017-05-01,979135,570,
Dota 2, 2017-04-01,921318,570,
Dota 2, 2017-03-01,945789,570,
Dota 2, 2017-02-01,1040877,570,
Dota 2, 2017-01-01,1007451,570,
Dota 2, 2016-12-01,1014671,570,
Dota 2, 2016-11-01,1007270,570,
Dota 2, 2016-10-01,1141191,570,
Dota 2, 2016-09-01,1064377,570,
Dota 2, 2016-08-01,1117519,570,
Dota 2, 2016-07-01,1084198,570,
Dota 2, 2016-06-01,1095994,570,
Dota 2, 2016-05-01,1075307,570,
Dota 2, 2016-04-01,1164041,570,
Dota 2, 2016-03-01,1291328,570,
Dota 2, 2016-02-01,1248394,570,
Dota 2, 2016-01-01,1067949,570,
Dota 2, 2015-12-01,999452,570,
Dota 2, 2015-11-01,943635,570,
Dota 2, 2015-10-01,920726,570,
Dota 2, 2015-09-01,888728,570,
Dota 2, 2015-08-01,933942,570,
Dota 2, 2015-07-01,888922,570,
Dota 2, 2015-06-01,915726,570,
Dota 2, 2015-05-01,970403,570,
Dota 2, 2015-04-01,950606,570,
Dota 2, 2015-03-01,957147,570,
Dota 2, 2015-02-01,1263992,570,
Dota 2, 2015-01-01,1262612,570,
Dota 2, 2014-12-01,961737,570,
Dota 2, 2014-11-01,936583,570,
Dota 2, 2014-10-01,963810,570,
Dota 2, 2014-09-01,880655,570,
Dota 2, 2014-08-01,864261,570,
Dota 2, 2014-07-01,891058,570,
Dota 2, 2014-06-01,874975,570,
Dota 2, 2014-05-01,845664,570,
Dota 2, 2014-04-01,843024,570,
Dota 2, 2014-03-01,734998,570,
Dota 2, 2014-02-01,740345,570,
Dota 2, 2014-01-01,738682,570,
Dota 2, 2013-12-01,693538,570,
Dota 2, 2013-11-01,707938,570,
Dota 2, 2013-10-01,702792,570,
Dota 2, 2013-09-01,581615,570,
Dota 2, 2013-08-01,566715,570,
Dota 2, 2013-07-01,520532,570,
Dota 2, 2013-06-01,422617,570,
Dota 2, 2013-05-01,329977,570,
Dota 2, 2013-04-01,325815,570,
Dota 2, 2013-03-01,325897,570,
Dota 2, 2013-02-01,325598,570,
Dota 2, 2013-01-01,283870,570,
Dota 2, 2012-12-01,260989,570,
Dota 2, 2012-11-01,213521,570,
Dota 2, 2012-10-01,171931,570,
Dota 2, 2012-09-01,171860,570,
Dota 2, 2012-08-01,118901,570,
Dota 2, 2012-07-01,108689,570,
Dota 2, 2012-06-01,75041,570,
Dota 2, 2012-05-01,55519,570,
Dota 2, 2012-04-01,53426,570,
Dota 2, 2012-03-01,40661,570,
Dota 2, 2012-02-01,26129,570,
Dota 2, 2012-01-01,23539,570,
Dota 2, 2011-12-01,20156,570,
Dota 2, 2011-11-01,12385,570,
Dota 2, 2011-10-01,587,570,
Dota 2, 2011-09-01,312,570,
Thumper, 2023-11-01,32,356400,
Thumper, 2023-10-01,28,356400,
Thumper, 2023-09-01,23,356400,
Thumper, 2023-08-01,29,356400,
Thumper, 2023-07-01,29,356400,
Thumper, 2023-06-01,25,356400,
Thumper, 2023-05-01,19,356400,
Thumper, 2023-04-01,18,356400,
Thumper, 2023-03-01,26,356400,
Thumper, 2023-02-01,25,356400,
Thumper, 2023-01-01,32,356400,
Thumper, 2022-12-01,33,356400,
Thumper, 2022-11-01,36,356400,
Thumper, 2022-10-01,34,356400,
Thumper, 2022-09-01,21,356400,
Thumper, 2022-08-01,22,356400,
Thumper, 2022-07-01,32,356400,
Thumper, 2022-06-01,38,356400,
Thumper, 2022-05-01,30,356400,
Thumper, 2022-04-01,26,356400,
Thumper, 2022-03-01,21,356400,
Thumper, 2022-02-01,23,356400,
Thumper, 2022-01-01,37,356400,
Thumper, 2021-12-01,40,356400,
Thumper, 2021-11-01,34,356400,
Thumper, 2021-10-01,35,356400,
Thumper, 2021-09-01,26,356400,
Thumper, 2021-08-01,39,356400,
Thumper, 2021-07-01,37,356400,
Thumper, 2021-06-01,41,356400,
Thumper, 2021-05-01,25,356400,
Thumper, 2021-04-01,32,356400,
Thumper, 2021-03-01,30,356400,
Thumper, 2021-02-01,24,356400,
Thumper, 2021-01-01,40,356400,
Thumper, 2020-12-01,43,356400,
Thumper, 2020-11-01,37,356400,
Thumper, 2020-10-01,34,356400,
Thumper, 2020-09-01,25,356400,
Thumper, 2020-08-01,40,356400,
Thumper, 2020-07-01,34,356400,
Thumper, 2020-06-01,41,356400,
Thumper, 2020-05-01,33,356400,
Thumper, 2020-04-01,29,356400,
Thumper, 2020-03-01,41,356400,
Thumper, 2020-02-01,42,356400,
Thumper, 2020-01-01,45,356400,
Thumper, 2019-12-01,52,356400,
Thumper, 2019-11-01,64,356400,
Thumper, 2019-10-01,29,356400,
Thumper, 2019-09-01,22,356400,
Thumper, 2019-08-01,26,356400,
Thumper, 2019-07-01,69,356400,
Thumper, 2019-06-01,59,356400,
Thumper, 2019-05-01,25,356400,
Thumper, 2019-04-01,35,356400,
Thumper, 2019-03-01,62,356400,
Thumper, 2019-02-01,33,356400,
Thumper, 2019-01-01,61,356400,
Thumper, 2018-12-01,58,356400,
Thumper, 2018-11-01,55,356400,
Thumper, 2018-10-01,130,356400,
Thumper, 2018-09-01,26,356400,
Thumper, 2018-08-01,60,356400,
Thumper, 2018-07-01,59,356400,
Thumper, 2018-06-01,90,356400,
Thumper, 2018-05-01,37,356400,
Thumper, 2018-04-01,104,356400,
Thumper, 2018-03-01,30,356400,
Thumper, 2018-02-01,34,356400,
Thumper, 2018-01-01,54,356400,
Thumper, 2017-12-01,66,356400,
Thumper, 2017-11-01,49,356400,
Thumper, 2017-10-01,39,356400,
Thumper, 2017-09-01,51,356400,
Thumper, 2017-08-01,32,356400,
Thumper, 2017-07-01,107,356400,
Thumper, 2017-06-01,111,356400,
Thumper, 2017-05-01,85,356400,
Thumper, 2017-04-01,33,356400,
Thumper, 2017-03-01,50,356400,
Thumper, 2017-02-01,55,356400,
Thumper, 2017-01-01,122,356400,
Thumper, 2016-12-01,150,356400,
Thumper, 2016-11-01,80,356400,
Thumper, 2016-10-01,225,356400,
Thumper, 2016-09-01,237,356400,
Thumper, 2016-08-01,3,356400,
Thumper, 2016-07-01,2,356400,
Thumper, 2016-06-01,2,356400,
Thumper, 2016-05-01,1,356400,
Thumper, 2016-04-01,2,356400,
Celeste, 2023-11-01,2405,504230,
Celeste, 2023-10-01,1463,504230,
Celeste, 2023-09-01,1561,504230,
Celeste, 2023-08-01,2229,504230,
Celeste, 2023-07-01,2309,504230,
Celeste, 2023-06-01,2155,504230,
Celeste, 2023-05-01,1810,504230,
Celeste, 2023-04-01,3063,504230,
Celeste, 2023-03-01,4177,504230,
Celeste, 2023-02-01,3216,504230,
Celeste, 2023-01-01,2375,504230,
Celeste, 2022-12-01,2403,504230,
Celeste, 2022-11-01,2172,504230,
Celeste, 2022-10-01,1137,504230,
Celeste, 2022-09-01,1461,504230,
Celeste, 2022-08-01,2252,504230,
Celeste, 2022-07-01,1962,504230,
Celeste, 2022-06-01,2003,504230,
Celeste, 2022-05-01,1009,504230,
Celeste, 2022-04-01,1087,504230,
Celeste, 2022-03-01,1086,504230,
Celeste, 2022-02-01,1540,504230,
Celeste, 2022-01-01,1811,504230,
Celeste, 2021-12-01,1889,504230,
Celeste, 2021-11-01,1764,504230,
Celeste, 2021-10-01,2030,504230,
Celeste, 2021-09-01,870,504230,
Celeste, 2021-08-01,897,504230,
Celeste, 2021-07-01,1744,504230,
Celeste, 2021-06-01,1798,504230,
Celeste, 2021-05-01,764,504230,
Celeste, 2021-04-01,870,504230,
Celeste, 2021-03-01,1100,504230,
Celeste, 2021-02-01,1656,504230,
Celeste, 2021-01-01,1783,504230,
Celeste, 2020-12-01,1895,504230,
Celeste, 2020-11-01,1322,504230,
Celeste, 2020-10-01,1075,504230,
Celeste, 2020-09-01,757,504230,
Celeste, 2020-08-01,668,504230,
Celeste, 2020-07-01,1036,504230,
Celeste, 2020-06-01,1037,504230,
Celeste, 2020-05-01,775,504230,
Celeste, 2020-04-01,1053,504230,
Celeste, 2020-03-01,1765,504230,
Celeste, 2020-02-01,787,504230,
Celeste, 2020-01-01,1089,504230,
Celeste, 2019-12-01,1015,504230,
Celeste, 2019-11-01,1018,504230,
Celeste, 2019-10-01,1011,504230,
Celeste, 2019-09-01,2252,504230,
Celeste, 2019-08-01,419,504230,
Celeste, 2019-07-01,823,504230,
Celeste, 2019-06-01,908,504230,
Celeste, 2019-05-01,343,504230,
Celeste, 2019-04-01,665,504230,
Celeste, 2019-03-01,531,504230,
Celeste, 2019-02-01,784,504230,
Celeste, 2019-01-01,1973,504230,
Celeste, 2018-12-01,1125,504230,
Celeste, 2018-11-01,475,504230,
Celeste, 2018-10-01,229,504230,
Celeste, 2018-09-01,229,504230,
Celeste, 2018-08-01,318,504230,
Celeste, 2018-07-01,707,504230,
Celeste, 2018-06-01,639,504230,
Celeste, 2018-05-01,296,504230,
Celeste, 2018-04-01,388,504230,
Celeste, 2018-03-01,619,504230,
Celeste, 2018-02-01,1147,504230,
Celeste, 2018-01-01,1197,504230,
Celeste, 2017-12-01,3,504230,
Celeste, 2017-11-01,4,504230,
Celeste, 2017-10-01,4,504230,
Celeste, 2017-09-01,1,504230,
Celeste, 2017-08-01,2,504230,
Celeste, 2017-07-01,1,504230,
Celeste, 2017-06-01,2,504230,
Celeste, 2017-05-01,2,504230,
Celeste, 2017-04-01,2,504230,
Celeste, 2017-03-01,2,504230,
Destiny 2, 2023-11-01,103704,1085660,
Destiny 2, 2023-10-01,69434,1085660,
Destiny 2, 2023-09-01,141472,1085660,
Destiny 2, 2023-08-01,145741,1085660,
Destiny 2, 2023-07-01,88032,1085660,
Destiny 2, 2023-06-01,110253,1085660,
Destiny 2, 2023-05-01,193495,1085660,
Destiny 2, 2023-04-01,142188,1085660,
Destiny 2, 2023-03-01,254694,1085660,
Destiny 2, 2023-02-01,316750,1085660,
Destiny 2, 2023-01-01,96604,1085660,
Destiny 2, 2022-12-01,122279,1085660,
Destiny 2, 2022-11-01,60878,1085660,
Destiny 2, 2022-10-01,103063,1085660,
Destiny 2, 2022-09-01,149576,1085660,
Destiny 2, 2022-08-01,193209,1085660,
Destiny 2, 2022-07-01,103075,1085660,
Destiny 2, 2022-06-01,118955,1085660,
Destiny 2, 2022-05-01,180392,1085660,
Destiny 2, 2022-04-01,88334,1085660,
Destiny 2, 2022-03-01,229217,1085660,
Destiny 2, 2022-02-01,290112,1085660,
Destiny 2, 2022-01-01,78867,1085660,
Destiny 2, 2021-12-01,155470,1085660,
Destiny 2, 2021-11-01,76489,1085660,
Destiny 2, 2021-10-01,128632,1085660,
Destiny 2, 2021-09-01,141204,1085660,
Destiny 2, 2021-08-01,178241,1085660,
Destiny 2, 2021-07-01,116526,1085660,
Destiny 2, 2021-06-01,105997,1085660,
Destiny 2, 2021-05-01,187599,1085660,
Destiny 2, 2021-04-01,95331,1085660,
Destiny 2, 2021-03-01,87492,1085660,
Destiny 2, 2021-02-01,132255,1085660,
Destiny 2, 2021-01-01,79523,1085660,
Destiny 2, 2020-12-01,141667,1085660,
Destiny 2, 2020-11-01,242284,1085660,
Destiny 2, 2020-10-01,94557,1085660,
Destiny 2, 2020-09-01,98491,1085660,
Destiny 2, 2020-08-01,122571,1085660,
Destiny 2, 2020-07-01,122873,1085660,
Destiny 2, 2020-06-01,214725,1085660,
Destiny 2, 2020-05-01,76972,1085660,
Destiny 2, 2020-04-01,101389,1085660,
Destiny 2, 2020-03-01,119116,1085660,
Destiny 2, 2020-02-01,93069,1085660,
Destiny 2, 2020-01-01,108822,1085660,
Destiny 2, 2019-12-01,138602,1085660,
Destiny 2, 2019-11-01,196352,1085660,
Destiny 2, 2019-10-01,292513,1085660,
Destiny 2, 2019-09-01,214100,1085660,
Party Animals, 2023-11-01,14051,1260320,
Party Animals, 2023-10-01,35562,1260320,
Party Animals, 2023-09-01,104174,1260320,
Grand Theft Auto 5, 2023-11-01,167896,271590,
Grand Theft Auto 5, 2023-10-01,168159,271590,
Grand Theft Auto 5, 2023-09-01,167204,271590,
Grand Theft Auto 5, 2023-08-01,170910,271590,
Grand Theft Auto 5, 2023-07-01,181652,271590,
Grand Theft Auto 5, 2023-06-01,208374,271590,
Grand Theft Auto 5, 2023-05-01,153782,271590,
Grand Theft Auto 5, 2023-04-01,156583,271590,
Grand Theft Auto 5, 2023-03-01,169805,271590,
Grand Theft Auto 5, 2023-02-01,174174,271590,
Grand Theft Auto 5, 2023-01-01,176830,271590,
Grand Theft Auto 5, 2022-12-01,181290,271590,
Grand Theft Auto 5, 2022-11-01,164887,271590,
Grand Theft Auto 5, 2022-10-01,169332,271590,
Grand Theft Auto 5, 2022-09-01,177377,271590,
Grand Theft Auto 5, 2022-08-01,196395,271590,
Grand Theft Auto 5, 2022-07-01,197912,271590,
Grand Theft Auto 5, 2022-06-01,133619,271590,
Grand Theft Auto 5, 2022-05-01,139814,271590,
Grand Theft Auto 5, 2022-04-01,153902,271590,
Grand Theft Auto 5, 2022-03-01,147585,271590,
Grand Theft Auto 5, 2022-02-01,155135,271590,
Grand Theft Auto 5, 2022-01-01,159258,271590,
Grand Theft Auto 5, 2021-12-01,174663,271590,
Grand Theft Auto 5, 2021-11-01,137450,271590,
Grand Theft Auto 5, 2021-10-01,136657,271590,
Grand Theft Auto 5, 2021-09-01,151408,271590,
Grand Theft Auto 5, 2021-08-01,207408,271590,
Grand Theft Auto 5, 2021-07-01,219112,271590,
Grand Theft Auto 5, 2021-06-01,157667,271590,
Grand Theft Auto 5, 2021-05-01,147228,271590,
Grand Theft Auto 5, 2021-04-01,178194,271590,
Grand Theft Auto 5, 2021-03-01,183304,271590,
Grand Theft Auto 5, 2021-02-01,146940,271590,
Grand Theft Auto 5, 2021-01-01,185083,271590,
Grand Theft Auto 5, 2020-12-01,258721,271590,
Grand Theft Auto 5, 2020-11-01,157463,271590,
Grand Theft Auto 5, 2020-10-01,129316,271590,
Grand Theft Auto 5, 2020-09-01,126518,271590,
Grand Theft Auto 5, 2020-08-01,154677,271590,
Grand Theft Auto 5, 2020-07-01,135395,271590,
Grand Theft Auto 5, 2020-06-01,173103,271590,
Grand Theft Auto 5, 2020-05-01,261658,271590,
Grand Theft Auto 5, 2020-04-01,243940,271590,
Grand Theft Auto 5, 2020-03-01,209493,271590,
Grand Theft Auto 5, 2020-02-01,269460,271590,
Grand Theft Auto 5, 2020-01-01,241819,271590,
Grand Theft Auto 5, 2019-12-01,204956,271590,
Grand Theft Auto 5, 2019-11-01,138708,271590,
Grand Theft Auto 5, 2019-10-01,117320,271590,
Grand Theft Auto 5, 2019-09-01,126593,271590,
Grand Theft Auto 5, 2019-08-01,176449,271590,
Grand Theft Auto 5, 2019-07-01,198011,271590,
Grand Theft Auto 5, 2019-06-01,109417,271590,
Grand Theft Auto 5, 2019-05-01,108887,271590,
Grand Theft Auto 5, 2019-04-01,91679,271590,
Grand Theft Auto 5, 2019-03-01,126518,271590,
Grand Theft Auto 5, 2019-02-01,120401,271590,
Grand Theft Auto 5, 2019-01-01,118732,271590,
Grand Theft Auto 5, 2018-12-01,120817,271590,
Grand Theft Auto 5, 2018-11-01,81851,271590,
Grand Theft Auto 5, 2018-10-01,81844,271590,
Grand Theft Auto 5, 2018-09-01,97920,271590,
Grand Theft Auto 5, 2018-08-01,123560,271590,
Grand Theft Auto 5, 2018-07-01,162602,271590,
Grand Theft Auto 5, 2018-06-01,124304,271590,
Grand Theft Auto 5, 2018-05-01,83671,271590,
Grand Theft Auto 5, 2018-04-01,82754,271590,
Grand Theft Auto 5, 2018-03-01,95390,271590,
Grand Theft Auto 5, 2018-02-01,94308,271590,
Grand Theft Auto 5, 2018-01-01,168575,271590,
Grand Theft Auto 5, 2017-12-01,170644,271590,
Grand Theft Auto 5, 2017-11-01,85467,271590,
Grand Theft Auto 5, 2017-10-01,84442,271590,
Grand Theft Auto 5, 2017-09-01,101770,271590,
Grand Theft Auto 5, 2017-08-01,121837,271590,
Grand Theft Auto 5, 2017-07-01,112074,271590,
Grand Theft Auto 5, 2017-06-01,132106,271590,
Grand Theft Auto 5, 2017-05-01,84002,271590,
Grand Theft Auto 5, 2017-04-01,95667,271590,
Grand Theft Auto 5, 2017-03-01,97354,271590,
Grand Theft Auto 5, 2017-02-01,102076,271590,
Grand Theft Auto 5, 2017-01-01,116228,271590,
Grand Theft Auto 5, 2016-12-01,126819,271590,
Grand Theft Auto 5, 2016-11-01,86608,271590,
Grand Theft Auto 5, 2016-10-01,86008,271590,
Grand Theft Auto 5, 2016-09-01,61787,271590,
Grand Theft Auto 5, 2016-08-01,63746,271590,
Grand Theft Auto 5, 2016-07-01,71859,271590,
Grand Theft Auto 5, 2016-06-01,78286,271590,
Grand Theft Auto 5, 2016-05-01,46874,271590,
Grand Theft Auto 5, 2016-04-01,65831,271590,
Grand Theft Auto 5, 2016-03-01,65042,271590,
Grand Theft Auto 5, 2016-02-01,73019,271590,
Grand Theft Auto 5, 2016-01-01,93713,271590,
Grand Theft Auto 5, 2015-12-01,85031,271590,
Grand Theft Auto 5, 2015-11-01,73221,271590,
Grand Theft Auto 5, 2015-10-01,76970,271590,
Grand Theft Auto 5, 2015-09-01,47429,271590,
Grand Theft Auto 5, 2015-08-01,50764,271590,
Grand Theft Auto 5, 2015-07-01,61067,271590,
Grand Theft Auto 5, 2015-06-01,85285,271590,
Grand Theft Auto 5, 2015-05-01,216918,271590,
Grand Theft Auto 5, 2015-04-01,364544,271590,
Grand Theft Auto 5, 2015-03-01,360761,271590,
War Thunder, 2023-11-01,115429,236390,
War Thunder, 2023-10-01,111550,236390,
War Thunder, 2023-09-01,102081,236390,
War Thunder, 2023-08-01,87471,236390,
War Thunder, 2023-07-01,77738,236390,
War Thunder, 2023-06-01,83056,236390,
War Thunder, 2023-05-01,96275,236390,
War Thunder, 2023-04-01,113250,236390,
War Thunder, 2023-03-01,110494,236390,
War Thunder, 2023-02-01,98137,236390,
War Thunder, 2023-01-01,88110,236390,
War Thunder, 2022-12-01,87443,236390,
War Thunder, 2022-11-01,88331,236390,
War Thunder, 2022-10-01,81761,236390,
War Thunder, 2022-09-01,74970,236390,
War Thunder, 2022-08-01,66658,236390,
War Thunder, 2022-07-01,57389,236390,
War Thunder, 2022-06-01,65526,236390,
War Thunder, 2022-05-01,63690,236390,
War Thunder, 2022-04-01,76204,236390,
War Thunder, 2022-03-01,72969,236390,
War Thunder, 2022-02-01,51218,236390,
War Thunder, 2022-01-01,45500,236390,
War Thunder, 2021-12-01,44006,236390,
War Thunder, 2021-11-01,47670,236390,
War Thunder, 2021-10-01,42448,236390,
War Thunder, 2021-09-01,43814,236390,
War Thunder, 2021-08-01,38210,236390,
War Thunder, 2021-07-01,34240,236390,
War Thunder, 2021-06-01,40275,236390,
War Thunder, 2021-05-01,40619,236390,
War Thunder, 2021-04-01,54720,236390,
War Thunder, 2021-03-01,63406,236390,
War Thunder, 2021-02-01,43666,236390,
War Thunder, 2021-01-01,40783,236390,
War Thunder, 2020-12-01,50002,236390,
War Thunder, 2020-11-01,56655,236390,
War Thunder, 2020-10-01,42259,236390,
War Thunder, 2020-09-01,35742,236390,
War Thunder, 2020-08-01,35188,236390,
War Thunder, 2020-07-01,29535,236390,
War Thunder, 2020-06-01,32741,236390,
War Thunder, 2020-05-01,39099,236390,
War Thunder, 2020-04-01,41453,236390,
War Thunder, 2020-03-01,43817,236390,
War Thunder, 2020-02-01,24589,236390,
War Thunder, 2020-01-01,23027,236390,
War Thunder, 2019-12-01,23632,236390,
War Thunder, 2019-11-01,21493,236390,
War Thunder, 2019-10-01,22739,236390,
War Thunder, 2019-09-01,23430,236390,
War Thunder, 2019-08-01,18741,236390,
War Thunder, 2019-07-01,15999,236390,
War Thunder, 2019-06-01,19367,236390,
War Thunder, 2019-05-01,21040,236390,
War Thunder, 2019-04-01,25853,236390,
War Thunder, 2019-03-01,23540,236390,
War Thunder, 2019-02-01,20164,236390,
War Thunder, 2019-01-01,21194,236390,
War Thunder, 2018-12-01,23281,236390,
War Thunder, 2018-11-01,23690,236390,
War Thunder, 2018-10-01,26744,236390,
War Thunder, 2018-09-01,22530,236390,
War Thunder, 2018-08-01,18731,236390,
War Thunder, 2018-07-01,17747,236390,
War Thunder, 2018-06-01,21726,236390,
War Thunder, 2018-05-01,19626,236390,
War Thunder, 2018-04-01,23680,236390,
War Thunder, 2018-03-01,27703,236390,
War Thunder, 2018-02-01,19104,236390,
War Thunder, 2018-01-01,19099,236390,
War Thunder, 2017-12-01,20924,236390,
War Thunder, 2017-11-01,22842,236390,
War Thunder, 2017-10-01,23168,236390,
War Thunder, 2017-09-01,19394,236390,
War Thunder, 2017-08-01,15708,236390,
War Thunder, 2017-07-01,15778,236390,
War Thunder, 2017-06-01,18654,236390,
War Thunder, 2017-05-01,20162,236390,
War Thunder, 2017-04-01,20710,236390,
War Thunder, 2017-03-01,22217,236390,
War Thunder, 2017-02-01,18499,236390,
War Thunder, 2017-01-01,19036,236390,
War Thunder, 2016-12-01,20764,236390,
War Thunder, 2016-11-01,17930,236390,
War Thunder, 2016-10-01,21680,236390,
War Thunder, 2016-09-01,24744,236390,
War Thunder, 2016-08-01,17240,236390,
War Thunder, 2016-07-01,14426,236390,
War Thunder, 2016-06-01,23684,236390,
War Thunder, 2016-05-01,17791,236390,
War Thunder, 2016-04-01,20741,236390,
War Thunder, 2016-03-01,24200,236390,
War Thunder, 2016-02-01,17784,236390,
War Thunder, 2016-01-01,22454,236390,
War Thunder, 2015-12-01,23811,236390,
War Thunder, 2015-11-01,35313,236390,
War Thunder, 2015-10-01,17788,236390,
War Thunder, 2015-09-01,15575,236390,
War Thunder, 2015-08-01,15283,236390,
War Thunder, 2015-07-01,17179,236390,
War Thunder, 2015-06-01,21159,236390,
War Thunder, 2015-05-01,25230,236390,
War Thunder, 2015-04-01,25053,236390,
War Thunder, 2015-03-01,24962,236390,
War Thunder, 2015-02-01,29480,236390,
War Thunder, 2015-01-01,29040,236390,
War Thunder, 2014-12-01,23837,236390,
War Thunder, 2014-11-01,22249,236390,
War Thunder, 2014-10-01,24614,236390,
War Thunder, 2014-09-01,24601,236390,
War Thunder, 2014-08-01,16032,236390,
War Thunder, 2014-07-01,15720,236390,
War Thunder, 2014-06-01,14332,236390,
War Thunder, 2014-05-01,25968,236390,
War Thunder, 2014-04-01,26228,236390,
War Thunder, 2014-03-01,20438,236390,
War Thunder, 2014-02-01,11541,236390,
War Thunder, 2014-01-01,12284,236390,
War Thunder, 2013-12-01,22203,236390,
War Thunder, 2013-11-01,22129,236390,
War Thunder, 2013-10-01,13218,236390,
War Thunder, 2013-09-01,14886,236390,
War Thunder, 2013-08-01,18880,236390,
War Thunder, 2013-07-01,12850,236390,
War Thunder, 2013-06-01,1,236390,
War Thunder, 2013-05-01,2,236390,
War Thunder, 2013-03-01,1,236390,
Apex Legends, 2023-11-01,439844,1172470,
Apex Legends, 2023-10-01,436084,1172470,
Apex Legends, 2023-09-01,454151,1172470,
Apex Legends, 2023-08-01,452006,1172470,
Apex Legends, 2023-07-01,351165,1172470,
Apex Legends, 2023-06-01,452616,1172470,
Apex Legends, 2023-05-01,585958,1172470,
Apex Legends, 2023-04-01,562634,1172470,
Apex Legends, 2023-03-01,605171,1172470,
Apex Legends, 2023-02-01,624473,1172470,
Apex Legends, 2023-01-01,413896,1172470,
Apex Legends, 2022-12-01,412961,1172470,
Apex Legends, 2022-11-01,405728,1172470,
Apex Legends, 2022-10-01,386994,1172470,
Apex Legends, 2022-09-01,499077,1172470,
Apex Legends, 2022-08-01,511676,1172470,
Apex Legends, 2022-07-01,348415,1172470,
Apex Legends, 2022-06-01,353279,1172470,
Apex Legends, 2022-05-01,412556,1172470,
Apex Legends, 2022-04-01,376328,1172470,
Apex Legends, 2022-03-01,354951,1172470,
Apex Legends, 2022-02-01,393116,1172470,
Apex Legends, 2022-01-01,265202,1172470,
Apex Legends, 2021-12-01,245789,1172470,
Apex Legends, 2021-11-01,318330,1172470,
Apex Legends, 2021-10-01,252135,1172470,
Apex Legends, 2021-09-01,275617,1172470,
Apex Legends, 2021-08-01,330509,1172470,
Apex Legends, 2021-07-01,262535,1172470,
Apex Legends, 2021-06-01,266609,1172470,
Apex Legends, 2021-05-01,330879,1172470,
Apex Legends, 2021-04-01,220537,1172470,
Apex Legends, 2021-03-01,228948,1172470,
Apex Legends, 2021-02-01,198235,1172470,
Apex Legends, 2021-01-01,130490,1172470,
Apex Legends, 2020-12-01,113382,1172470,
Apex Legends, 2020-11-01,117320,1172470,
Rainbow Six Siege, 2023-11-01,59951,359550,
Rainbow Six Siege, 2023-10-01,94965,359550,
Rainbow Six Siege, 2023-09-01,95149,359550,
Rainbow Six Siege, 2023-08-01,84760,359550,
Rainbow Six Siege, 2023-07-01,71046,359550,
Rainbow Six Siege, 2023-06-01,68586,359550,
Rainbow Six Siege, 2023-05-01,66908,359550,
Rainbow Six Siege, 2023-04-01,77344,359550,
Rainbow Six Siege, 2023-03-01,88504,359550,
Rainbow Six Siege, 2023-02-01,65006,359550,
Rainbow Six Siege, 2023-01-01,67090,359550,
Rainbow Six Siege, 2022-12-01,64310,359550,
Rainbow Six Siege, 2022-11-01,46283,359550,
Rainbow Six Siege, 2022-10-01,54972,359550,
Rainbow Six Siege, 2022-09-01,66588,359550,
Rainbow Six Siege, 2022-08-01,62508,359550,
Rainbow Six Siege, 2022-07-01,64957,359550,
Rainbow Six Siege, 2022-06-01,71005,359550,
Rainbow Six Siege, 2022-05-01,71543,359550,
Rainbow Six Siege, 2022-04-01,93674,359550,
Rainbow Six Siege, 2022-03-01,109487,359550,
Rainbow Six Siege, 2022-02-01,78263,359550,
Rainbow Six Siege, 2022-01-01,75214,359550,
Rainbow Six Siege, 2021-12-01,84396,359550,
Rainbow Six Siege, 2021-11-01,72178,359550,
Rainbow Six Siege, 2021-10-01,80679,359550,
Rainbow Six Siege, 2021-09-01,111638,359550,
Rainbow Six Siege, 2021-08-01,93643,359550,
Rainbow Six Siege, 2021-07-01,90538,359550,
Rainbow Six Siege, 2021-06-01,100732,359550,
Rainbow Six Siege, 2021-05-01,109460,359550,
Rainbow Six Siege, 2021-04-01,142501,359550,
Rainbow Six Siege, 2021-03-01,201053,359550,
Rainbow Six Siege, 2021-02-01,113595,359550,
Rainbow Six Siege, 2021-01-01,124281,359550,
Rainbow Six Siege, 2020-12-01,124380,359550,
Rainbow Six Siege, 2020-11-01,95794,359550,
Rainbow Six Siege, 2020-10-01,115637,359550,
Rainbow Six Siege, 2020-09-01,163904,359550,
Rainbow Six Siege, 2020-08-01,132047,359550,
Rainbow Six Siege, 2020-07-01,122813,359550,
Rainbow Six Siege, 2020-06-01,126901,359550,
Rainbow Six Siege, 2020-05-01,146761,359550,
Rainbow Six Siege, 2020-04-01,194477,359550,
Rainbow Six Siege, 2020-03-01,199307,359550,
Rainbow Six Siege, 2020-02-01,180463,359550,
Rainbow Six Siege, 2020-01-01,160055,359550,
Rainbow Six Siege, 2019-12-01,140398,359550,
Rainbow Six Siege, 2019-11-01,125817,359550,
Rainbow Six Siege, 2019-10-01,127276,359550,
Rainbow Six Siege, 2019-09-01,148620,359550,
Rainbow Six Siege, 2019-08-01,139650,359550,
Rainbow Six Siege, 2019-07-01,128935,359550,
Rainbow Six Siege, 2019-06-01,140445,359550,
Rainbow Six Siege, 2019-05-01,115531,359550,
Rainbow Six Siege, 2019-04-01,125421,359550,
Rainbow Six Siege, 2019-03-01,135746,359550,
Rainbow Six Siege, 2019-02-01,136018,359550,
Rainbow Six Siege, 2019-01-01,137631,359550,
Rainbow Six Siege, 2018-12-01,130554,359550,
Rainbow Six Siege, 2018-11-01,118926,359550,
Rainbow Six Siege, 2018-10-01,123993,359550,
Rainbow Six Siege, 2018-09-01,143730,359550,
Rainbow Six Siege, 2018-08-01,135451,359550,
Rainbow Six Siege, 2018-07-01,117024,359550,
Rainbow Six Siege, 2018-06-01,143183,359550,
Rainbow Six Siege, 2018-05-01,142308,359550,
Rainbow Six Siege, 2018-04-01,125070,359550,
Rainbow Six Siege, 2018-03-01,178953,359550,
Rainbow Six Siege, 2018-02-01,125454,359550,
Rainbow Six Siege, 2018-01-01,109318,359550,
Rainbow Six Siege, 2017-12-01,100845,359550,
Rainbow Six Siege, 2017-11-01,99655,359550,
Rainbow Six Siege, 2017-10-01,60052,359550,
Rainbow Six Siege, 2017-09-01,70963,359550,
Rainbow Six Siege, 2017-08-01,73864,359550,
Rainbow Six Siege, 2017-07-01,47328,359550,
Rainbow Six Siege, 2017-06-01,43245,359550,
Rainbow Six Siege, 2017-05-01,44112,359550,
Rainbow Six Siege, 2017-04-01,45794,359550,
Rainbow Six Siege, 2017-03-01,47655,359550,
Rainbow Six Siege, 2017-02-01,65010,359550,
Rainbow Six Siege, 2017-01-01,34504,359550,
Rainbow Six Siege, 2016-12-01,31008,359550,
Rainbow Six Siege, 2016-11-01,41938,359550,
Rainbow Six Siege, 2016-10-01,19493,359550,
Rainbow Six Siege, 2016-09-01,18569,359550,
Rainbow Six Siege, 2016-08-01,28545,359550,
Rainbow Six Siege, 2016-07-01,39536,359550,
Rainbow Six Siege, 2016-06-01,15357,359550,
Rainbow Six Siege, 2016-05-01,14522,359550,
Rainbow Six Siege, 2016-04-01,29128,359550,
Rainbow Six Siege, 2016-03-01,11355,359550,
Rainbow Six Siege, 2016-02-01,16094,359550,
Rainbow Six Siege, 2016-01-01,20112,359550,
Rainbow Six Siege, 2015-12-01,19009,359550,
Rainbow Six Siege, 2015-11-01,9375,359550,
Rainbow Six Siege, 2015-10-01,14,359550,
Rainbow Six Siege, 2015-09-01,3,359550,
Rainbow Six Siege, 2015-08-01,1,359550,
Rainbow Six Siege, 2015-07-01,3,359550,
Rainbow Six Siege, 2015-06-01,5,359550,
Rainbow Six Siege, 2015-05-01,1,359550,
Rocket League, 2023-11-01,36527,252950,
Rocket League, 2023-10-01,37897,252950,
Rocket League, 2023-09-01,44016,252950,
Rocket League, 2023-08-01,43061,252950,
Rocket League, 2023-07-01,40965,252950,
Rocket League, 2023-06-01,44277,252950,
Rocket League, 2023-05-01,43432,252950,
Rocket League, 2023-04-01,44325,252950,
Rocket League, 2023-03-01,51417,252950,
Rocket League, 2023-02-01,50456,252950,
Rocket League, 2023-01-01,50278,252950,
Rocket League, 2022-12-01,48924,252950,
Rocket League, 2022-11-01,43095,252950,
Rocket League, 2022-10-01,42576,252950,
Rocket League, 2022-09-01,47425,252950,
Rocket League, 2022-08-01,40753,252950,
Rocket League, 2022-07-01,43877,252950,
Rocket League, 2022-06-01,49082,252950,
Rocket League, 2022-05-01,44429,252950,
Rocket League, 2022-04-01,46824,252950,
Rocket League, 2022-03-01,48685,252950,
Rocket League, 2022-02-01,51741,252950,
Rocket League, 2022-01-01,55033,252950,
Rocket League, 2021-12-01,56293,252950,
Rocket League, 2021-11-01,62573,252950,
Rocket League, 2021-10-01,59640,252950,
Rocket League, 2021-09-01,66331,252950,
Rocket League, 2021-08-01,74810,252950,
Rocket League, 2021-07-01,66502,252950,
Rocket League, 2021-06-01,74758,252950,
Rocket League, 2021-05-01,89199,252950,
Rocket League, 2021-04-01,112848,252950,
Rocket League, 2021-03-01,94696,252950,
Rocket League, 2021-02-01,103907,252950,
Rocket League, 2021-01-01,112482,252950,
Rocket League, 2020-12-01,137538,252950,
Rocket League, 2020-11-01,128577,252950,
Rocket League, 2020-10-01,141040,252950,
Rocket League, 2020-09-01,147632,252950,
Rocket League, 2020-08-01,70357,252950,
Rocket League, 2020-07-01,70687,252950,
Rocket League, 2020-06-01,73205,252950,
Rocket League, 2020-05-01,79130,252950,
Rocket League, 2020-04-01,101011,252950,
Rocket League, 2020-03-01,119337,252950,
Rocket League, 2020-02-01,80454,252950,
Rocket League, 2020-01-01,81639,252950,
Rocket League, 2019-12-01,80374,252950,
Rocket League, 2019-11-01,63707,252950,
Rocket League, 2019-10-01,68747,252950,
Rocket League, 2019-09-01,59777,252950,
Rocket League, 2019-08-01,58409,252950,
Rocket League, 2019-07-01,62234,252950,
Rocket League, 2019-06-01,69866,252950,
Rocket League, 2019-05-01,69509,252950,
Rocket League, 2019-04-01,68319,252950,
Rocket League, 2019-03-01,61645,252950,
Rocket League, 2019-02-01,63093,252950,
Rocket League, 2019-01-01,64897,252950,
Rocket League, 2018-12-01,68214,252950,
Rocket League, 2018-11-01,63669,252950,
Rocket League, 2018-10-01,67454,252950,
Rocket League, 2018-09-01,76338,252950,
Rocket League, 2018-08-01,56658,252950,
Rocket League, 2018-07-01,83207,252950,
Rocket League, 2018-06-01,64787,252950,
Rocket League, 2018-05-01,66250,252950,
Rocket League, 2018-04-01,60866,252950,
Rocket League, 2018-03-01,63865,252950,
Rocket League, 2018-02-01,62836,252950,
Rocket League, 2018-01-01,60349,252950,
Rocket League, 2017-12-01,65452,252950,
Rocket League, 2017-11-01,60502,252950,
Rocket League, 2017-10-01,74645,252950,
Rocket League, 2017-09-01,74198,252950,
Rocket League, 2017-08-01,53196,252950,
Rocket League, 2017-07-01,73789,252950,
Rocket League, 2017-06-01,64075,252950,
Rocket League, 2017-05-01,82360,252950,
Rocket League, 2017-04-01,65894,252950,
Rocket League, 2017-03-01,74509,252950,
Rocket League, 2017-02-01,61629,252950,
Rocket League, 2017-01-01,69707,252950,
Rocket League, 2016-12-01,70617,252950,
Rocket League, 2016-11-01,55568,252950,
Rocket League, 2016-10-01,59596,252950,
Rocket League, 2016-09-01,80025,252950,
Rocket League, 2016-08-01,48478,252950,
Rocket League, 2016-07-01,59141,252950,
Rocket League, 2016-06-01,55782,252950,
Rocket League, 2016-05-01,48913,252950,
Rocket League, 2016-04-01,103129,252950,
Rocket League, 2016-03-01,45882,252950,
Rocket League, 2016-02-01,50853,252950,
Rocket League, 2016-01-01,46548,252950,
Rocket League, 2015-12-01,44916,252950,
Rocket League, 2015-11-01,37684,252950,
Rocket League, 2015-10-01,32121,252950,
Rocket League, 2015-09-01,34752,252950,
Rocket League, 2015-08-01,35777,252950,
Rocket League, 2015-07-01,28967,252950,
Rocket League, 2015-06-01,26,252950,
Rocket League, 2015-05-01,8,252950,
Rocket League, 2015-04-01,10,252950,
Rocket League, 2014-01-01,12,252950,